combination,model,month,status,detail
Comb1,Random_Forest,1,ERROR,RuntimeError('Predictor intersection coverage 42.46% is too low.')
Comb1,Random_Forest,2,ERROR,RuntimeError('Predictor intersection coverage 42.46% is too low.')
Comb1,Random_Forest,3,ERROR,RuntimeError('Predictor intersection coverage 42.46% is too low.')
Comb1,Random_Forest,4,ERROR,RuntimeError('Predictor intersection coverage 42.46% is too low.')
Comb1,Random_Forest,5,ERROR,RuntimeError('Predictor intersection coverage 42.46% is too low.')
Comb1,Random_Forest,6,ERROR,RuntimeError('Predictor intersection coverage 42.46% is too low.')
Comb1,Random_Forest,7,ERROR,RuntimeError('Predictor intersection coverage 42.46% is too low.')
Comb1,Random_Forest,8,ERROR,RuntimeError('Predictor intersection coverage 1.34% is too low.')
Comb1,Random_Forest,9,ERROR,RuntimeError('Predictor intersection coverage 42.46% is too low.')
Comb1,Random_Forest,10,ERROR,RuntimeError('Predictor intersection coverage 42.46% is too low.')
Comb1,Random_Forest,11,ERROR,RuntimeError('Predictor intersection coverage 42.46% is too low.')
Comb1,Random_Forest,12,ERROR,RuntimeError('Predictor intersection coverage 42.46% is too low.')
Comb1,XGBoost,1,ERROR,RuntimeError('Predictor intersection coverage 42.46% is too low.')
Comb1,XGBoost,2,ERROR,RuntimeError('Predictor intersection coverage 42.46% is too low.')
Comb1,XGBoost,3,ERROR,RuntimeError('Predictor intersection coverage 42.46% is too low.')
Comb1,XGBoost,4,ERROR,RuntimeError('Predictor intersection coverage 42.46% is too low.')
Comb1,XGBoost,5,ERROR,RuntimeError('Predictor intersection coverage 42.46% is too low.')
Comb1,XGBoost,6,ERROR,RuntimeError('Predictor intersection coverage 42.46% is too low.')
Comb1,XGBoost,7,ERROR,RuntimeError('Predictor intersection coverage 42.46% is too low.')
Comb1,XGBoost,8,ERROR,RuntimeError('Predictor intersection coverage 1.34% is too low.')
Comb1,XGBoost,9,ERROR,RuntimeError('Predictor intersection coverage 42.46% is too low.')
Comb1,XGBoost,10,ERROR,RuntimeError('Predictor intersection coverage 42.46% is too low.')
Comb1,XGBoost,11,ERROR,RuntimeError('Predictor intersection coverage 42.46% is too low.')
Comb1,XGBoost,12,ERROR,RuntimeError('Predictor intersection coverage 42.46% is too low.')
Comb1,LightGBM,1,ERROR,RuntimeError('Predictor intersection coverage 42.46% is too low.')
Comb1,LightGBM,2,ERROR,RuntimeError('Predictor intersection coverage 42.46% is too low.')
Comb1,LightGBM,3,ERROR,RuntimeError('Predictor intersection coverage 42.46% is too low.')
Comb1,LightGBM,4,ERROR,RuntimeError('Predictor intersection coverage 42.46% is too low.')
Comb1,LightGBM,5,ERROR,RuntimeError('Predictor intersection coverage 42.46% is too low.')
Comb1,LightGBM,6,ERROR,RuntimeError('Predictor intersection coverage 42.46% is too low.')
Comb1,LightGBM,7,ERROR,RuntimeError('Predictor intersection coverage 42.46% is too low.')
Comb1,LightGBM,8,ERROR,RuntimeError('Predictor intersection coverage 1.34% is too low.')
Comb1,LightGBM,9,ERROR,RuntimeError('Predictor intersection coverage 42.46% is too low.')
Comb1,LightGBM,10,ERROR,RuntimeError('Predictor intersection coverage 42.46% is too low.')
Comb1,LightGBM,11,ERROR,RuntimeError('Predictor intersection coverage 42.46% is too low.')
Comb1,LightGBM,12,ERROR,RuntimeError('Predictor intersection coverage 42.46% is too low.')
Comb1,CatBoost,1,ERROR,RuntimeError('Predictor intersection coverage 42.46% is too low.')
Comb1,CatBoost,2,ERROR,RuntimeError('Predictor intersection coverage 42.46% is too low.')
Comb1,CatBoost,3,ERROR,RuntimeError('Predictor intersection coverage 42.46% is too low.')
Comb1,CatBoost,4,ERROR,RuntimeError('Predictor intersection coverage 42.46% is too low.')
Comb1,CatBoost,5,ERROR,RuntimeError('Predictor intersection coverage 42.46% is too low.')
Comb1,CatBoost,6,ERROR,RuntimeError('Predictor intersection coverage 42.46% is too low.')
Comb1,CatBoost,7,ERROR,RuntimeError('Predictor intersection coverage 42.46% is too low.')
Comb1,CatBoost,8,ERROR,RuntimeError('Predictor intersection coverage 1.34% is too low.')
Comb1,CatBoost,9,ERROR,RuntimeError('Predictor intersection coverage 42.46% is too low.')
Comb1,CatBoost,10,ERROR,RuntimeError('Predictor intersection coverage 42.46% is too low.')
Comb1,CatBoost,11,ERROR,RuntimeError('Predictor intersection coverage 42.46% is too low.')
Comb1,CatBoost,12,ERROR,RuntimeError('Predictor intersection coverage 42.46% is too low.')
Comb1_land,Random_Forest,1,ERROR,RuntimeError('Predictor intersection coverage 40.62% is too low.')
Comb1_land,Random_Forest,2,ERROR,RuntimeError('Predictor intersection coverage 40.62% is too low.')
Comb1_land,Random_Forest,3,ERROR,RuntimeError('Predictor intersection coverage 40.67% is too low.')
Comb1_land,Random_Forest,4,ERROR,RuntimeError('Predictor intersection coverage 40.67% is too low.')
Comb1_land,Random_Forest,5,ERROR,RuntimeError('Predictor intersection coverage 40.67% is too low.')
Comb1_land,Random_Forest,6,ERROR,RuntimeError('Predictor intersection coverage 7.48% is too low.')
Comb1_land,Random_Forest,7,ERROR,RuntimeError('Predictor intersection coverage 25.08% is too low.')
Comb1_land,Random_Forest,8,ERROR,RuntimeError('Predictor intersection coverage 0.43% is too low.')
Comb1_land,Random_Forest,9,ERROR,RuntimeError('Predictor intersection coverage 39.67% is too low.')
Comb1_land,Random_Forest,10,ERROR,RuntimeError('Predictor intersection coverage 40.65% is too low.')
Comb1_land,Random_Forest,11,ERROR,RuntimeError('Predictor intersection coverage 40.52% is too low.')
Comb1_land,Random_Forest,12,ERROR,RuntimeError('Predictor intersection coverage 40.58% is too low.')
Comb1_land,XGBoost,1,ERROR,RuntimeError('Predictor intersection coverage 40.62% is too low.')
Comb1_land,XGBoost,2,ERROR,RuntimeError('Predictor intersection coverage 40.62% is too low.')
Comb1_land,XGBoost,3,ERROR,RuntimeError('Predictor intersection coverage 40.67% is too low.')
Comb1_land,XGBoost,4,ERROR,RuntimeError('Predictor intersection coverage 40.67% is too low.')
Comb1_land,XGBoost,5,ERROR,RuntimeError('Predictor intersection coverage 40.67% is too low.')
Comb1_land,XGBoost,6,ERROR,RuntimeError('Predictor intersection coverage 7.48% is too low.')
Comb1_land,XGBoost,7,ERROR,RuntimeError('Predictor intersection coverage 25.08% is too low.')
Comb1_land,XGBoost,8,ERROR,RuntimeError('Predictor intersection coverage 0.43% is too low.')
Comb1_land,XGBoost,9,ERROR,RuntimeError('Predictor intersection coverage 39.67% is too low.')
Comb1_land,XGBoost,10,ERROR,RuntimeError('Predictor intersection coverage 40.65% is too low.')
Comb1_land,XGBoost,11,ERROR,RuntimeError('Predictor intersection coverage 40.52% is too low.')
Comb1_land,XGBoost,12,ERROR,RuntimeError('Predictor intersection coverage 40.58% is too low.')
Comb1_land,LightGBM,1,ERROR,RuntimeError('Predictor intersection coverage 40.62% is too low.')
Comb1_land,LightGBM,2,ERROR,RuntimeError('Predictor intersection coverage 40.62% is too low.')
Comb1_land,LightGBM,3,ERROR,RuntimeError('Predictor intersection coverage 40.67% is too low.')
Comb1_land,LightGBM,4,ERROR,RuntimeError('Predictor intersection coverage 40.67% is too low.')
Comb1_land,LightGBM,5,ERROR,RuntimeError('Predictor intersection coverage 40.67% is too low.')
Comb1_land,LightGBM,6,ERROR,RuntimeError('Predictor intersection coverage 7.48% is too low.')
Comb1_land,LightGBM,7,ERROR,RuntimeError('Predictor intersection coverage 25.08% is too low.')
Comb1_land,LightGBM,8,ERROR,RuntimeError('Predictor intersection coverage 0.43% is too low.')
Comb1_land,LightGBM,9,ERROR,RuntimeError('Predictor intersection coverage 39.67% is too low.')
Comb1_land,LightGBM,10,ERROR,RuntimeError('Predictor intersection coverage 40.65% is too low.')
Comb1_land,LightGBM,11,ERROR,RuntimeError('Predictor intersection coverage 40.52% is too low.')
Comb1_land,LightGBM,12,ERROR,RuntimeError('Predictor intersection coverage 40.58% is too low.')
Comb1_land,CatBoost,1,ERROR,RuntimeError('Predictor intersection coverage 40.62% is too low.')
Comb1_land,CatBoost,2,ERROR,RuntimeError('Predictor intersection coverage 40.62% is too low.')
Comb1_land,CatBoost,3,ERROR,RuntimeError('Predictor intersection coverage 40.67% is too low.')
Comb1_land,CatBoost,4,ERROR,RuntimeError('Predictor intersection coverage 40.67% is too low.')
Comb1_land,CatBoost,5,ERROR,RuntimeError('Predictor intersection coverage 40.67% is too low.')
Comb1_land,CatBoost,6,ERROR,RuntimeError('Predictor intersection coverage 7.48% is too low.')
Comb1_land,CatBoost,7,ERROR,RuntimeError('Predictor intersection coverage 25.08% is too low.')
Comb1_land,CatBoost,8,ERROR,RuntimeError('Predictor intersection coverage 0.43% is too low.')
Comb1_land,CatBoost,9,ERROR,RuntimeError('Predictor intersection coverage 39.67% is too low.')
Comb1_land,CatBoost,10,ERROR,RuntimeError('Predictor intersection coverage 40.65% is too low.')
Comb1_land,CatBoost,11,ERROR,RuntimeError('Predictor intersection coverage 40.52% is too low.')
Comb1_land,CatBoost,12,ERROR,RuntimeError('Predictor intersection coverage 40.58% is too low.')
Comb2,Random_Forest,1,ERROR,RuntimeError('Predictor intersection coverage 42.94% is too low.')
Comb2,Random_Forest,2,ERROR,RuntimeError('Predictor intersection coverage 42.94% is too low.')
Comb2,Random_Forest,3,ERROR,RuntimeError('Predictor intersection coverage 42.94% is too low.')
Comb2,Random_Forest,4,ERROR,RuntimeError('Predictor intersection coverage 42.94% is too low.')
Comb2,Random_Forest,5,ERROR,RuntimeError('Predictor intersection coverage 42.94% is too low.')
Comb2,Random_Forest,6,ERROR,RuntimeError('Predictor intersection coverage 42.94% is too low.')
Comb2,Random_Forest,7,ERROR,RuntimeError('Predictor intersection coverage 42.94% is too low.')
Comb2,Random_Forest,8,ERROR,RuntimeError('Predictor intersection coverage 42.94% is too low.')
Comb2,Random_Forest,9,ERROR,RuntimeError('Predictor intersection coverage 42.94% is too low.')
Comb2,Random_Forest,10,ERROR,RuntimeError('Predictor intersection coverage 42.94% is too low.')
Comb2,Random_Forest,11,ERROR,RuntimeError('Predictor intersection coverage 42.94% is too low.')
Comb2,Random_Forest,12,ERROR,RuntimeError('Predictor intersection coverage 42.94% is too low.')
Comb2,XGBoost,1,ERROR,RuntimeError('Predictor intersection coverage 42.94% is too low.')
Comb2,XGBoost,2,ERROR,RuntimeError('Predictor intersection coverage 42.94% is too low.')
Comb2,XGBoost,3,ERROR,RuntimeError('Predictor intersection coverage 42.94% is too low.')
Comb2,XGBoost,4,ERROR,RuntimeError('Predictor intersection coverage 42.94% is too low.')
Comb2,XGBoost,5,ERROR,RuntimeError('Predictor intersection coverage 42.94% is too low.')
Comb2,XGBoost,6,ERROR,RuntimeError('Predictor intersection coverage 42.94% is too low.')
Comb2,XGBoost,7,ERROR,RuntimeError('Predictor intersection coverage 42.94% is too low.')
Comb2,XGBoost,8,ERROR,RuntimeError('Predictor intersection coverage 42.94% is too low.')
Comb2,XGBoost,9,ERROR,RuntimeError('Predictor intersection coverage 42.94% is too low.')
Comb2,XGBoost,10,ERROR,RuntimeError('Predictor intersection coverage 42.94% is too low.')
Comb2,XGBoost,11,ERROR,RuntimeError('Predictor intersection coverage 42.94% is too low.')
Comb2,XGBoost,12,ERROR,RuntimeError('Predictor intersection coverage 42.94% is too low.')
Comb2,LightGBM,1,ERROR,RuntimeError('Predictor intersection coverage 42.94% is too low.')
Comb2,LightGBM,2,ERROR,RuntimeError('Predictor intersection coverage 42.94% is too low.')
Comb2,LightGBM,3,ERROR,RuntimeError('Predictor intersection coverage 42.94% is too low.')
Comb2,LightGBM,4,ERROR,RuntimeError('Predictor intersection coverage 42.94% is too low.')
Comb2,LightGBM,5,ERROR,RuntimeError('Predictor intersection coverage 42.94% is too low.')
Comb2,LightGBM,6,ERROR,RuntimeError('Predictor intersection coverage 42.94% is too low.')
Comb2,LightGBM,7,ERROR,RuntimeError('Predictor intersection coverage 42.94% is too low.')
Comb2,LightGBM,8,ERROR,RuntimeError('Predictor intersection coverage 42.94% is too low.')
Comb2,LightGBM,9,ERROR,RuntimeError('Predictor intersection coverage 42.94% is too low.')
Comb2,LightGBM,10,ERROR,RuntimeError('Predictor intersection coverage 42.94% is too low.')
Comb2,LightGBM,11,ERROR,RuntimeError('Predictor intersection coverage 42.94% is too low.')
Comb2,LightGBM,12,ERROR,RuntimeError('Predictor intersection coverage 42.94% is too low.')
Comb2,CatBoost,1,ERROR,RuntimeError('Predictor intersection coverage 42.94% is too low.')
Comb2,CatBoost,2,ERROR,RuntimeError('Predictor intersection coverage 42.94% is too low.')
Comb2,CatBoost,3,ERROR,RuntimeError('Predictor intersection coverage 42.94% is too low.')
Comb2,CatBoost,4,ERROR,RuntimeError('Predictor intersection coverage 42.94% is too low.')
Comb2,CatBoost,5,ERROR,RuntimeError('Predictor intersection coverage 42.94% is too low.')
Comb2,CatBoost,6,ERROR,RuntimeError('Predictor intersection coverage 42.94% is too low.')
Comb2,CatBoost,7,ERROR,RuntimeError('Predictor intersection coverage 42.94% is too low.')
Comb2,CatBoost,8,ERROR,RuntimeError('Predictor intersection coverage 42.94% is too low.')
Comb2,CatBoost,9,ERROR,RuntimeError('Predictor intersection coverage 42.94% is too low.')
Comb2,CatBoost,10,ERROR,RuntimeError('Predictor intersection coverage 42.94% is too low.')
Comb2,CatBoost,11,ERROR,RuntimeError('Predictor intersection coverage 42.94% is too low.')
Comb2,CatBoost,12,ERROR,RuntimeError('Predictor intersection coverage 42.94% is too low.')
Comb2_land,Random_Forest,1,ERROR,RuntimeError('Predictor intersection coverage 41.08% is too low.')
Comb2_land,Random_Forest,2,ERROR,RuntimeError('Predictor intersection coverage 41.08% is too low.')
Comb2_land,Random_Forest,3,ERROR,RuntimeError('Predictor intersection coverage 41.12% is too low.')
Comb2_land,Random_Forest,4,ERROR,RuntimeError('Predictor intersection coverage 41.12% is too low.')
Comb2_land,Random_Forest,5,ERROR,RuntimeError('Predictor intersection coverage 41.12% is too low.')
Comb2_land,Random_Forest,6,ERROR,RuntimeError('Predictor intersection coverage 7.63% is too low.')
Comb2_land,Random_Forest,7,ERROR,RuntimeError('Predictor intersection coverage 25.49% is too low.')
Comb2_land,Random_Forest,8,ERROR,RuntimeError('Predictor intersection coverage 30.20% is too low.')
Comb2_land,Random_Forest,9,ERROR,RuntimeError('Predictor intersection coverage 40.13% is too low.')
Comb2_land,Random_Forest,10,ERROR,RuntimeError('Predictor intersection coverage 41.10% is too low.')
Comb2_land,Random_Forest,11,ERROR,RuntimeError('Predictor intersection coverage 40.98% is too low.')
Comb2_land,Random_Forest,12,ERROR,RuntimeError('Predictor intersection coverage 41.04% is too low.')
Comb2_land,XGBoost,1,ERROR,RuntimeError('Predictor intersection coverage 41.08% is too low.')
Comb2_land,XGBoost,2,ERROR,RuntimeError('Predictor intersection coverage 41.08% is too low.')
Comb2_land,XGBoost,3,ERROR,RuntimeError('Predictor intersection coverage 41.12% is too low.')
Comb2_land,XGBoost,4,ERROR,RuntimeError('Predictor intersection coverage 41.12% is too low.')
Comb2_land,XGBoost,5,ERROR,RuntimeError('Predictor intersection coverage 41.12% is too low.')
Comb2_land,XGBoost,6,ERROR,RuntimeError('Predictor intersection coverage 7.63% is too low.')
Comb2_land,XGBoost,7,ERROR,RuntimeError('Predictor intersection coverage 25.49% is too low.')
Comb2_land,XGBoost,8,ERROR,RuntimeError('Predictor intersection coverage 30.20% is too low.')
Comb2_land,XGBoost,9,ERROR,RuntimeError('Predictor intersection coverage 40.13% is too low.')
Comb2_land,XGBoost,10,ERROR,RuntimeError('Predictor intersection coverage 41.10% is too low.')
Comb2_land,XGBoost,11,ERROR,RuntimeError('Predictor intersection coverage 40.98% is too low.')
Comb2_land,XGBoost,12,ERROR,RuntimeError('Predictor intersection coverage 41.04% is too low.')
Comb2_land,LightGBM,1,ERROR,RuntimeError('Predictor intersection coverage 41.08% is too low.')
Comb2_land,LightGBM,2,ERROR,RuntimeError('Predictor intersection coverage 41.08% is too low.')
Comb2_land,LightGBM,3,ERROR,RuntimeError('Predictor intersection coverage 41.12% is too low.')
Comb2_land,LightGBM,4,ERROR,RuntimeError('Predictor intersection coverage 41.12% is too low.')
Comb2_land,LightGBM,5,ERROR,RuntimeError('Predictor intersection coverage 41.12% is too low.')
Comb2_land,LightGBM,6,ERROR,RuntimeError('Predictor intersection coverage 7.63% is too low.')
Comb2_land,LightGBM,7,ERROR,RuntimeError('Predictor intersection coverage 25.49% is too low.')
Comb2_land,LightGBM,8,ERROR,RuntimeError('Predictor intersection coverage 30.20% is too low.')
Comb2_land,LightGBM,9,ERROR,RuntimeError('Predictor intersection coverage 40.13% is too low.')
Comb2_land,LightGBM,10,ERROR,RuntimeError('Predictor intersection coverage 41.10% is too low.')
Comb2_land,LightGBM,11,ERROR,RuntimeError('Predictor intersection coverage 40.98% is too low.')
Comb2_land,LightGBM,12,ERROR,RuntimeError('Predictor intersection coverage 41.04% is too low.')
Comb2_land,CatBoost,1,ERROR,RuntimeError('Predictor intersection coverage 41.08% is too low.')
Comb2_land,CatBoost,2,ERROR,RuntimeError('Predictor intersection coverage 41.08% is too low.')
Comb2_land,CatBoost,3,ERROR,RuntimeError('Predictor intersection coverage 41.12% is too low.')
Comb2_land,CatBoost,4,ERROR,RuntimeError('Predictor intersection coverage 41.12% is too low.')
Comb2_land,CatBoost,5,ERROR,RuntimeError('Predictor intersection coverage 41.12% is too low.')
Comb2_land,CatBoost,6,ERROR,RuntimeError('Predictor intersection coverage 7.63% is too low.')
Comb2_land,CatBoost,7,ERROR,RuntimeError('Predictor intersection coverage 25.49% is too low.')
Comb2_land,CatBoost,8,ERROR,RuntimeError('Predictor intersection coverage 30.20% is too low.')
Comb2_land,CatBoost,9,ERROR,RuntimeError('Predictor intersection coverage 40.13% is too low.')
Comb2_land,CatBoost,10,ERROR,RuntimeError('Predictor intersection coverage 41.10% is too low.')
Comb2_land,CatBoost,11,ERROR,RuntimeError('Predictor intersection coverage 40.98% is too low.')
Comb2_land,CatBoost,12,ERROR,RuntimeError('Predictor intersection coverage 41.04% is too low.')
Comb3,Random_Forest,1,ERROR,"AttributeError(""'dict' object has no attribute 'predict'"")"
Comb3,Random_Forest,2,ERROR,"AttributeError(""'dict' object has no attribute 'predict'"")"
Comb3,Random_Forest,3,ERROR,"AttributeError(""'dict' object has no attribute 'predict'"")"
Comb3,Random_Forest,4,ERROR,"AttributeError(""'dict' object has no attribute 'predict'"")"
Comb3,Random_Forest,5,ERROR,"AttributeError(""'dict' object has no attribute 'predict'"")"
Comb3,Random_Forest,6,ERROR,"AttributeError(""'dict' object has no attribute 'predict'"")"
Comb3,Random_Forest,7,ERROR,"AttributeError(""'dict' object has no attribute 'predict'"")"
Comb3,Random_Forest,8,ERROR,"AttributeError(""'dict' object has no attribute 'predict'"")"
Comb3,Random_Forest,9,ERROR,"AttributeError(""'dict' object has no attribute 'predict'"")"
Comb3,Random_Forest,10,ERROR,"AttributeError(""'dict' object has no attribute 'predict'"")"
Comb3,Random_Forest,11,ERROR,"AttributeError(""'dict' object has no attribute 'predict'"")"
Comb3,Random_Forest,12,ERROR,"AttributeError(""'dict' object has no attribute 'predict'"")"
Comb3,XGBoost,1,ERROR,"AttributeError(""'dict' object has no attribute 'predict'"")"
Comb3,XGBoost,2,ERROR,"AttributeError(""'dict' object has no attribute 'predict'"")"
Comb3,XGBoost,3,ERROR,"AttributeError(""'dict' object has no attribute 'predict'"")"
Comb3,XGBoost,4,ERROR,"AttributeError(""'dict' object has no attribute 'predict'"")"
Comb3,XGBoost,5,ERROR,"AttributeError(""'dict' object has no attribute 'predict'"")"
Comb3,XGBoost,6,ERROR,"AttributeError(""'dict' object has no attribute 'predict'"")"
Comb3,XGBoost,7,ERROR,"AttributeError(""'dict' object has no attribute 'predict'"")"
Comb3,XGBoost,8,ERROR,"AttributeError(""'dict' object has no attribute 'predict'"")"
Comb3,XGBoost,9,ERROR,"AttributeError(""'dict' object has no attribute 'predict'"")"
Comb3,XGBoost,10,ERROR,"AttributeError(""'dict' object has no attribute 'predict'"")"
Comb3,XGBoost,11,ERROR,"AttributeError(""'dict' object has no attribute 'predict'"")"
Comb3,XGBoost,12,ERROR,"AttributeError(""'dict' object has no attribute 'predict'"")"
Comb3,LightGBM,1,ERROR,"AttributeError(""'dict' object has no attribute 'predict'"")"
Comb3,LightGBM,2,ERROR,"AttributeError(""'dict' object has no attribute 'predict'"")"
Comb3,LightGBM,3,ERROR,"AttributeError(""'dict' object has no attribute 'predict'"")"
Comb3,LightGBM,4,ERROR,"AttributeError(""'dict' object has no attribute 'predict'"")"
Comb3,LightGBM,5,ERROR,"AttributeError(""'dict' object has no attribute 'predict'"")"
Comb3,LightGBM,6,ERROR,"AttributeError(""'dict' object has no attribute 'predict'"")"
Comb3,LightGBM,7,ERROR,"AttributeError(""'dict' object has no attribute 'predict'"")"
Comb3,LightGBM,8,ERROR,"AttributeError(""'dict' object has no attribute 'predict'"")"
Comb3,LightGBM,9,ERROR,"AttributeError(""'dict' object has no attribute 'predict'"")"
Comb3,LightGBM,10,ERROR,"AttributeError(""'dict' object has no attribute 'predict'"")"
Comb3,LightGBM,11,ERROR,"AttributeError(""'dict' object has no attribute 'predict'"")"
Comb3,LightGBM,12,ERROR,"AttributeError(""'dict' object has no attribute 'predict'"")"
Comb3,CatBoost,1,ERROR,"AttributeError(""'dict' object has no attribute 'predict'"")"
Comb3,CatBoost,2,ERROR,"AttributeError(""'dict' object has no attribute 'predict'"")"
Comb3,CatBoost,3,ERROR,"AttributeError(""'dict' object has no attribute 'predict'"")"
Comb3,CatBoost,4,ERROR,"AttributeError(""'dict' object has no attribute 'predict'"")"
Comb3,CatBoost,5,ERROR,"AttributeError(""'dict' object has no attribute 'predict'"")"
Comb3,CatBoost,6,ERROR,"AttributeError(""'dict' object has no attribute 'predict'"")"
Comb3,CatBoost,7,ERROR,"AttributeError(""'dict' object has no attribute 'predict'"")"
Comb3,CatBoost,8,ERROR,"AttributeError(""'dict' object has no attribute 'predict'"")"
Comb3,CatBoost,9,ERROR,"AttributeError(""'dict' object has no attribute 'predict'"")"
Comb3,CatBoost,10,ERROR,"AttributeError(""'dict' object has no attribute 'predict'"")"
Comb3,CatBoost,11,ERROR,"AttributeError(""'dict' object has no attribute 'predict'"")"
Comb3,CatBoost,12,ERROR,"AttributeError(""'dict' object has no attribute 'predict'"")"
Comb3_land,Random_Forest,1,ERROR,RuntimeError('Predictor intersection coverage 75.23% is too low.')
Comb3_land,Random_Forest,2,ERROR,RuntimeError('Predictor intersection coverage 75.32% is too low.')
Comb3_land,Random_Forest,3,ERROR,RuntimeError('Predictor intersection coverage 75.60% is too low.')
Comb3_land,Random_Forest,4,ERROR,RuntimeError('Predictor intersection coverage 75.63% is too low.')
Comb3_land,Random_Forest,5,ERROR,RuntimeError('Predictor intersection coverage 75.63% is too low.')
Comb3_land,Random_Forest,6,ERROR,RuntimeError('Predictor intersection coverage 15.57% is too low.')
Comb3_land,Random_Forest,7,ERROR,RuntimeError('Predictor intersection coverage 52.62% is too low.')
Comb3_land,Random_Forest,8,ERROR,RuntimeError('Predictor intersection coverage 55.99% is too low.')
Comb3_land,Random_Forest,9,ERROR,RuntimeError('Predictor intersection coverage 74.18% is too low.')
Comb3_land,Random_Forest,10,ERROR,RuntimeError('Predictor intersection coverage 75.40% is too low.')
Comb3_land,Random_Forest,11,ERROR,RuntimeError('Predictor intersection coverage 75.17% is too low.')
Comb3_land,Random_Forest,12,ERROR,RuntimeError('Predictor intersection coverage 75.21% is too low.')
Comb3_land,XGBoost,1,ERROR,RuntimeError('Predictor intersection coverage 75.23% is too low.')
Comb3_land,XGBoost,2,ERROR,RuntimeError('Predictor intersection coverage 75.32% is too low.')
Comb3_land,XGBoost,3,ERROR,RuntimeError('Predictor intersection coverage 75.60% is too low.')
Comb3_land,XGBoost,4,ERROR,RuntimeError('Predictor intersection coverage 75.63% is too low.')
Comb3_land,XGBoost,5,ERROR,RuntimeError('Predictor intersection coverage 75.63% is too low.')
Comb3_land,XGBoost,6,ERROR,RuntimeError('Predictor intersection coverage 15.57% is too low.')
Comb3_land,XGBoost,7,ERROR,RuntimeError('Predictor intersection coverage 52.62% is too low.')
Comb3_land,XGBoost,8,ERROR,RuntimeError('Predictor intersection coverage 55.99% is too low.')
Comb3_land,XGBoost,9,ERROR,RuntimeError('Predictor intersection coverage 74.18% is too low.')
Comb3_land,XGBoost,10,ERROR,RuntimeError('Predictor intersection coverage 75.40% is too low.')
Comb3_land,XGBoost,11,ERROR,RuntimeError('Predictor intersection coverage 75.17% is too low.')
Comb3_land,XGBoost,12,ERROR,RuntimeError('Predictor intersection coverage 75.21% is too low.')
Comb3_land,LightGBM,1,ERROR,RuntimeError('Predictor intersection coverage 75.23% is too low.')
Comb3_land,LightGBM,2,ERROR,RuntimeError('Predictor intersection coverage 75.32% is too low.')
Comb3_land,LightGBM,3,ERROR,RuntimeError('Predictor intersection coverage 75.60% is too low.')
Comb3_land,LightGBM,4,ERROR,RuntimeError('Predictor intersection coverage 75.63% is too low.')
Comb3_land,LightGBM,5,ERROR,RuntimeError('Predictor intersection coverage 75.63% is too low.')
Comb3_land,LightGBM,6,ERROR,RuntimeError('Predictor intersection coverage 15.57% is too low.')
Comb3_land,LightGBM,7,ERROR,RuntimeError('Predictor intersection coverage 52.62% is too low.')
Comb3_land,LightGBM,8,ERROR,RuntimeError('Predictor intersection coverage 55.99% is too low.')
Comb3_land,LightGBM,9,ERROR,RuntimeError('Predictor intersection coverage 74.18% is too low.')
Comb3_land,LightGBM,10,ERROR,RuntimeError('Predictor intersection coverage 75.40% is too low.')
Comb3_land,LightGBM,11,ERROR,RuntimeError('Predictor intersection coverage 75.17% is too low.')
Comb3_land,LightGBM,12,ERROR,RuntimeError('Predictor intersection coverage 75.21% is too low.')
Comb3_land,CatBoost,1,ERROR,RuntimeError('Predictor intersection coverage 75.23% is too low.')
Comb3_land,CatBoost,2,ERROR,RuntimeError('Predictor intersection coverage 75.32% is too low.')
Comb3_land,CatBoost,3,ERROR,RuntimeError('Predictor intersection coverage 75.60% is too low.')
Comb3_land,CatBoost,4,ERROR,RuntimeError('Predictor intersection coverage 75.63% is too low.')
Comb3_land,CatBoost,5,ERROR,RuntimeError('Predictor intersection coverage 75.63% is too low.')
Comb3_land,CatBoost,6,ERROR,RuntimeError('Predictor intersection coverage 15.57% is too low.')
Comb3_land,CatBoost,7,ERROR,RuntimeError('Predictor intersection coverage 52.62% is too low.')
Comb3_land,CatBoost,8,ERROR,RuntimeError('Predictor intersection coverage 55.99% is too low.')
Comb3_land,CatBoost,9,ERROR,RuntimeError('Predictor intersection coverage 74.18% is too low.')
Comb3_land,CatBoost,10,ERROR,RuntimeError('Predictor intersection coverage 75.40% is too low.')
Comb3_land,CatBoost,11,ERROR,RuntimeError('Predictor intersection coverage 75.17% is too low.')
Comb3_land,CatBoost,12,ERROR,RuntimeError('Predictor intersection coverage 75.21% is too low.')
CCS_land,Random_Forest,1,ERROR,RuntimeError('Predictor intersection coverage 75.23% is too low.')
CCS_land,Random_Forest,2,ERROR,RuntimeError('Predictor intersection coverage 75.32% is too low.')
CCS_land,Random_Forest,3,ERROR,RuntimeError('Predictor intersection coverage 75.60% is too low.')
CCS_land,Random_Forest,4,ERROR,RuntimeError('Predictor intersection coverage 75.63% is too low.')
CCS_land,Random_Forest,5,ERROR,RuntimeError('Predictor intersection coverage 75.63% is too low.')
CCS_land,Random_Forest,6,ERROR,RuntimeError('Predictor intersection coverage 15.57% is too low.')
CCS_land,Random_Forest,7,ERROR,RuntimeError('Predictor intersection coverage 52.62% is too low.')
CCS_land,Random_Forest,8,ERROR,RuntimeError('Predictor intersection coverage 55.99% is too low.')
CCS_land,Random_Forest,9,ERROR,RuntimeError('Predictor intersection coverage 74.18% is too low.')
CCS_land,Random_Forest,10,ERROR,RuntimeError('Predictor intersection coverage 75.40% is too low.')
CCS_land,Random_Forest,11,ERROR,RuntimeError('Predictor intersection coverage 75.17% is too low.')
CCS_land,Random_Forest,12,ERROR,RuntimeError('Predictor intersection coverage 75.21% is too low.')
CCS_land,XGBoost,1,ERROR,RuntimeError('Predictor intersection coverage 75.23% is too low.')
CCS_land,XGBoost,2,ERROR,RuntimeError('Predictor intersection coverage 75.32% is too low.')
CCS_land,XGBoost,3,ERROR,RuntimeError('Predictor intersection coverage 75.60% is too low.')
CCS_land,XGBoost,4,ERROR,RuntimeError('Predictor intersection coverage 75.63% is too low.')
CCS_land,XGBoost,5,ERROR,RuntimeError('Predictor intersection coverage 75.63% is too low.')
CCS_land,XGBoost,6,ERROR,RuntimeError('Predictor intersection coverage 15.57% is too low.')
CCS_land,XGBoost,7,ERROR,RuntimeError('Predictor intersection coverage 52.62% is too low.')
CCS_land,XGBoost,8,ERROR,RuntimeError('Predictor intersection coverage 55.99% is too low.')
CCS_land,XGBoost,9,ERROR,RuntimeError('Predictor intersection coverage 74.18% is too low.')
CCS_land,XGBoost,10,ERROR,RuntimeError('Predictor intersection coverage 75.40% is too low.')
CCS_land,XGBoost,11,ERROR,RuntimeError('Predictor intersection coverage 75.17% is too low.')
CCS_land,XGBoost,12,ERROR,RuntimeError('Predictor intersection coverage 75.21% is too low.')
CCS_land,LightGBM,1,ERROR,RuntimeError('Predictor intersection coverage 75.23% is too low.')
CCS_land,LightGBM,2,ERROR,RuntimeError('Predictor intersection coverage 75.32% is too low.')
CCS_land,LightGBM,3,ERROR,RuntimeError('Predictor intersection coverage 75.60% is too low.')
CCS_land,LightGBM,4,ERROR,RuntimeError('Predictor intersection coverage 75.63% is too low.')
CCS_land,LightGBM,5,ERROR,RuntimeError('Predictor intersection coverage 75.63% is too low.')
CCS_land,LightGBM,6,ERROR,RuntimeError('Predictor intersection coverage 15.57% is too low.')
CCS_land,LightGBM,7,ERROR,RuntimeError('Predictor intersection coverage 52.62% is too low.')
CCS_land,LightGBM,8,ERROR,RuntimeError('Predictor intersection coverage 55.99% is too low.')
CCS_land,LightGBM,9,ERROR,RuntimeError('Predictor intersection coverage 74.18% is too low.')
CCS_land,LightGBM,10,ERROR,RuntimeError('Predictor intersection coverage 75.40% is too low.')
CCS_land,LightGBM,11,ERROR,RuntimeError('Predictor intersection coverage 75.17% is too low.')
CCS_land,LightGBM,12,ERROR,RuntimeError('Predictor intersection coverage 75.21% is too low.')
CCS_land,CatBoost,1,ERROR,RuntimeError('Predictor intersection coverage 75.23% is too low.')
CCS_land,CatBoost,2,ERROR,RuntimeError('Predictor intersection coverage 75.32% is too low.')
CCS_land,CatBoost,3,ERROR,RuntimeError('Predictor intersection coverage 75.60% is too low.')
CCS_land,CatBoost,4,ERROR,RuntimeError('Predictor intersection coverage 75.63% is too low.')
CCS_land,CatBoost,5,ERROR,RuntimeError('Predictor intersection coverage 75.63% is too low.')
CCS_land,CatBoost,6,ERROR,RuntimeError('Predictor intersection coverage 15.57% is too low.')
CCS_land,CatBoost,7,ERROR,RuntimeError('Predictor intersection coverage 52.62% is too low.')
CCS_land,CatBoost,8,ERROR,RuntimeError('Predictor intersection coverage 55.99% is too low.')
CCS_land,CatBoost,9,ERROR,RuntimeError('Predictor intersection coverage 74.18% is too low.')
CCS_land,CatBoost,10,ERROR,RuntimeError('Predictor intersection coverage 75.40% is too low.')
CCS_land,CatBoost,11,ERROR,RuntimeError('Predictor intersection coverage 75.17% is too low.')
CCS_land,CatBoost,12,ERROR,RuntimeError('Predictor intersection coverage 75.21% is too low.')
CDR_land,Random_Forest,1,ERROR,RuntimeError('Predictor intersection coverage 62.25% is too low.')
CDR_land,Random_Forest,2,ERROR,RuntimeError('Predictor intersection coverage 62.27% is too low.')
CDR_land,Random_Forest,3,ERROR,RuntimeError('Predictor intersection coverage 62.31% is too low.')
CDR_land,Random_Forest,4,ERROR,RuntimeError('Predictor intersection coverage 62.31% is too low.')
CDR_land,Random_Forest,5,ERROR,RuntimeError('Predictor intersection coverage 62.31% is too low.')
CDR_land,Random_Forest,6,ERROR,RuntimeError('Predictor intersection coverage 12.88% is too low.')
CDR_land,Random_Forest,7,ERROR,RuntimeError('Predictor intersection coverage 42.86% is too low.')
CDR_land,Random_Forest,8,ERROR,RuntimeError('Predictor intersection coverage 45.57% is too low.')
CDR_land,Random_Forest,9,ERROR,RuntimeError('Predictor intersection coverage 61.05% is too low.')
CDR_land,Random_Forest,10,ERROR,RuntimeError('Predictor intersection coverage 62.25% is too low.')
CDR_land,Random_Forest,11,ERROR,RuntimeError('Predictor intersection coverage 62.17% is too low.')
CDR_land,Random_Forest,12,ERROR,RuntimeError('Predictor intersection coverage 62.23% is too low.')
CDR_land,XGBoost,1,ERROR,RuntimeError('Predictor intersection coverage 62.25% is too low.')
CDR_land,XGBoost,2,ERROR,RuntimeError('Predictor intersection coverage 62.27% is too low.')
CDR_land,XGBoost,3,ERROR,RuntimeError('Predictor intersection coverage 62.31% is too low.')
CDR_land,XGBoost,4,ERROR,RuntimeError('Predictor intersection coverage 62.31% is too low.')
CDR_land,XGBoost,5,ERROR,RuntimeError('Predictor intersection coverage 62.31% is too low.')
CDR_land,XGBoost,6,ERROR,RuntimeError('Predictor intersection coverage 12.88% is too low.')
CDR_land,XGBoost,7,ERROR,RuntimeError('Predictor intersection coverage 42.86% is too low.')
CDR_land,XGBoost,8,ERROR,RuntimeError('Predictor intersection coverage 45.57% is too low.')
CDR_land,XGBoost,9,ERROR,RuntimeError('Predictor intersection coverage 61.05% is too low.')
CDR_land,XGBoost,10,ERROR,RuntimeError('Predictor intersection coverage 62.25% is too low.')
CDR_land,XGBoost,11,ERROR,RuntimeError('Predictor intersection coverage 62.17% is too low.')
CDR_land,XGBoost,12,ERROR,RuntimeError('Predictor intersection coverage 62.23% is too low.')
CDR_land,LightGBM,1,ERROR,RuntimeError('Predictor intersection coverage 62.25% is too low.')
CDR_land,LightGBM,2,ERROR,RuntimeError('Predictor intersection coverage 62.27% is too low.')
CDR_land,LightGBM,3,ERROR,RuntimeError('Predictor intersection coverage 62.31% is too low.')
CDR_land,LightGBM,4,ERROR,RuntimeError('Predictor intersection coverage 62.31% is too low.')
CDR_land,LightGBM,5,ERROR,RuntimeError('Predictor intersection coverage 62.31% is too low.')
CDR_land,LightGBM,6,ERROR,RuntimeError('Predictor intersection coverage 12.88% is too low.')
CDR_land,LightGBM,7,ERROR,RuntimeError('Predictor intersection coverage 42.86% is too low.')
CDR_land,LightGBM,8,ERROR,RuntimeError('Predictor intersection coverage 45.57% is too low.')
CDR_land,LightGBM,9,ERROR,RuntimeError('Predictor intersection coverage 61.05% is too low.')
CDR_land,LightGBM,10,ERROR,RuntimeError('Predictor intersection coverage 62.25% is too low.')
CDR_land,LightGBM,11,ERROR,RuntimeError('Predictor intersection coverage 62.17% is too low.')
CDR_land,LightGBM,12,ERROR,RuntimeError('Predictor intersection coverage 62.23% is too low.')
CDR_land,CatBoost,1,ERROR,RuntimeError('Predictor intersection coverage 62.25% is too low.')
CDR_land,CatBoost,2,ERROR,RuntimeError('Predictor intersection coverage 62.27% is too low.')
CDR_land,CatBoost,3,ERROR,RuntimeError('Predictor intersection coverage 62.31% is too low.')
CDR_land,CatBoost,4,ERROR,RuntimeError('Predictor intersection coverage 62.31% is too low.')
CDR_land,CatBoost,5,ERROR,RuntimeError('Predictor intersection coverage 62.31% is too low.')
CDR_land,CatBoost,6,ERROR,RuntimeError('Predictor intersection coverage 12.88% is too low.')
CDR_land,CatBoost,7,ERROR,RuntimeError('Predictor intersection coverage 42.86% is too low.')
CDR_land,CatBoost,8,ERROR,RuntimeError('Predictor intersection coverage 45.57% is too low.')
CDR_land,CatBoost,9,ERROR,RuntimeError('Predictor intersection coverage 61.05% is too low.')
CDR_land,CatBoost,10,ERROR,RuntimeError('Predictor intersection coverage 62.25% is too low.')
CDR_land,CatBoost,11,ERROR,RuntimeError('Predictor intersection coverage 62.17% is too low.')
CDR_land,CatBoost,12,ERROR,RuntimeError('Predictor intersection coverage 62.23% is too low.')
CHIRPS_land,Random_Forest,1,ERROR,RuntimeError('Predictor intersection coverage 74.86% is too low.')
CHIRPS_land,Random_Forest,2,ERROR,RuntimeError('Predictor intersection coverage 74.90% is too low.')
CHIRPS_land,Random_Forest,3,ERROR,RuntimeError('Predictor intersection coverage 75.15% is too low.')
CHIRPS_land,Random_Forest,4,ERROR,RuntimeError('Predictor intersection coverage 75.17% is too low.')
CHIRPS_land,Random_Forest,5,ERROR,RuntimeError('Predictor intersection coverage 75.17% is too low.')
CHIRPS_land,Random_Forest,6,ERROR,RuntimeError('Predictor intersection coverage 15.53% is too low.')
CHIRPS_land,Random_Forest,7,ERROR,RuntimeError('Predictor intersection coverage 52.43% is too low.')
CHIRPS_land,Random_Forest,8,ERROR,RuntimeError('Predictor intersection coverage 55.36% is too low.')
CHIRPS_land,Random_Forest,9,ERROR,RuntimeError('Predictor intersection coverage 73.76% is too low.')
CHIRPS_land,Random_Forest,10,ERROR,RuntimeError('Predictor intersection coverage 75.03% is too low.')
CHIRPS_land,Random_Forest,11,ERROR,RuntimeError('Predictor intersection coverage 74.78% is too low.')
CHIRPS_land,Random_Forest,12,ERROR,RuntimeError('Predictor intersection coverage 74.82% is too low.')
CHIRPS_land,XGBoost,1,ERROR,RuntimeError('Predictor intersection coverage 74.86% is too low.')
CHIRPS_land,XGBoost,2,ERROR,RuntimeError('Predictor intersection coverage 74.90% is too low.')
CHIRPS_land,XGBoost,3,ERROR,RuntimeError('Predictor intersection coverage 75.15% is too low.')
CHIRPS_land,XGBoost,4,ERROR,RuntimeError('Predictor intersection coverage 75.17% is too low.')
CHIRPS_land,XGBoost,5,ERROR,RuntimeError('Predictor intersection coverage 75.17% is too low.')
CHIRPS_land,XGBoost,6,ERROR,RuntimeError('Predictor intersection coverage 15.53% is too low.')
CHIRPS_land,XGBoost,7,ERROR,RuntimeError('Predictor intersection coverage 52.43% is too low.')
CHIRPS_land,XGBoost,8,ERROR,RuntimeError('Predictor intersection coverage 55.36% is too low.')
CHIRPS_land,XGBoost,9,ERROR,RuntimeError('Predictor intersection coverage 73.76% is too low.')
CHIRPS_land,XGBoost,10,ERROR,RuntimeError('Predictor intersection coverage 75.03% is too low.')
CHIRPS_land,XGBoost,11,ERROR,RuntimeError('Predictor intersection coverage 74.78% is too low.')
CHIRPS_land,XGBoost,12,ERROR,RuntimeError('Predictor intersection coverage 74.82% is too low.')
CHIRPS_land,LightGBM,1,ERROR,RuntimeError('Predictor intersection coverage 74.86% is too low.')
CHIRPS_land,LightGBM,2,ERROR,RuntimeError('Predictor intersection coverage 74.90% is too low.')
CHIRPS_land,LightGBM,3,ERROR,RuntimeError('Predictor intersection coverage 75.15% is too low.')
CHIRPS_land,LightGBM,4,ERROR,RuntimeError('Predictor intersection coverage 75.17% is too low.')
CHIRPS_land,LightGBM,5,ERROR,RuntimeError('Predictor intersection coverage 75.17% is too low.')
CHIRPS_land,LightGBM,6,ERROR,RuntimeError('Predictor intersection coverage 15.53% is too low.')
CHIRPS_land,LightGBM,7,ERROR,RuntimeError('Predictor intersection coverage 52.43% is too low.')
CHIRPS_land,LightGBM,8,ERROR,RuntimeError('Predictor intersection coverage 55.36% is too low.')
CHIRPS_land,LightGBM,9,ERROR,RuntimeError('Predictor intersection coverage 73.76% is too low.')
CHIRPS_land,LightGBM,10,ERROR,RuntimeError('Predictor intersection coverage 75.03% is too low.')
CHIRPS_land,LightGBM,11,ERROR,RuntimeError('Predictor intersection coverage 74.78% is too low.')
CHIRPS_land,LightGBM,12,ERROR,RuntimeError('Predictor intersection coverage 74.82% is too low.')
CHIRPS_land,CatBoost,1,ERROR,RuntimeError('Predictor intersection coverage 74.86% is too low.')
CHIRPS_land,CatBoost,2,ERROR,RuntimeError('Predictor intersection coverage 74.90% is too low.')
CHIRPS_land,CatBoost,3,ERROR,RuntimeError('Predictor intersection coverage 75.15% is too low.')
CHIRPS_land,CatBoost,4,ERROR,RuntimeError('Predictor intersection coverage 75.17% is too low.')
CHIRPS_land,CatBoost,5,ERROR,RuntimeError('Predictor intersection coverage 75.17% is too low.')
CHIRPS_land,CatBoost,6,ERROR,RuntimeError('Predictor intersection coverage 15.53% is too low.')
CHIRPS_land,CatBoost,7,ERROR,RuntimeError('Predictor intersection coverage 52.43% is too low.')
CHIRPS_land,CatBoost,8,ERROR,RuntimeError('Predictor intersection coverage 55.36% is too low.')
CHIRPS_land,CatBoost,9,ERROR,RuntimeError('Predictor intersection coverage 73.76% is too low.')
CHIRPS_land,CatBoost,10,ERROR,RuntimeError('Predictor intersection coverage 75.03% is too low.')
CHIRPS_land,CatBoost,11,ERROR,RuntimeError('Predictor intersection coverage 74.78% is too low.')
CHIRPS_land,CatBoost,12,ERROR,RuntimeError('Predictor intersection coverage 74.82% is too low.')
ERA5_land,Random_Forest,1,ERROR,RuntimeError('Predictor intersection coverage 55.43% is too low.')
ERA5_land,Random_Forest,2,ERROR,RuntimeError('Predictor intersection coverage 55.51% is too low.')
ERA5_land,Random_Forest,3,ERROR,RuntimeError('Predictor intersection coverage 55.78% is too low.')
ERA5_land,Random_Forest,4,ERROR,RuntimeError('Predictor intersection coverage 55.78% is too low.')
ERA5_land,Random_Forest,5,ERROR,RuntimeError('Predictor intersection coverage 55.78% is too low.')
ERA5_land,Random_Forest,6,ERROR,RuntimeError('Predictor intersection coverage 10.17% is too low.')
ERA5_land,Random_Forest,7,ERROR,RuntimeError('Predictor intersection coverage 36.12% is too low.')
ERA5_land,Random_Forest,8,ERROR,RuntimeError('Predictor intersection coverage 41.18% is too low.')
ERA5_land,Random_Forest,9,ERROR,RuntimeError('Predictor intersection coverage 54.56% is too low.')
ERA5_land,Random_Forest,10,ERROR,RuntimeError('Predictor intersection coverage 55.59% is too low.')
ERA5_land,Random_Forest,11,ERROR,RuntimeError('Predictor intersection coverage 55.32% is too low.')
ERA5_land,Random_Forest,12,ERROR,RuntimeError('Predictor intersection coverage 55.36% is too low.')
ERA5_land,XGBoost,1,ERROR,RuntimeError('Predictor intersection coverage 55.43% is too low.')
ERA5_land,XGBoost,2,ERROR,RuntimeError('Predictor intersection coverage 55.51% is too low.')
ERA5_land,XGBoost,3,ERROR,RuntimeError('Predictor intersection coverage 55.78% is too low.')
ERA5_land,XGBoost,4,ERROR,RuntimeError('Predictor intersection coverage 55.78% is too low.')
ERA5_land,XGBoost,5,ERROR,RuntimeError('Predictor intersection coverage 55.78% is too low.')
ERA5_land,XGBoost,6,ERROR,RuntimeError('Predictor intersection coverage 10.17% is too low.')
ERA5_land,XGBoost,7,ERROR,RuntimeError('Predictor intersection coverage 36.12% is too low.')
ERA5_land,XGBoost,8,ERROR,RuntimeError('Predictor intersection coverage 41.18% is too low.')
ERA5_land,XGBoost,9,ERROR,RuntimeError('Predictor intersection coverage 54.56% is too low.')
ERA5_land,XGBoost,10,ERROR,RuntimeError('Predictor intersection coverage 55.59% is too low.')
ERA5_land,XGBoost,11,ERROR,RuntimeError('Predictor intersection coverage 55.32% is too low.')
ERA5_land,XGBoost,12,ERROR,RuntimeError('Predictor intersection coverage 55.36% is too low.')
ERA5_land,LightGBM,1,ERROR,RuntimeError('Predictor intersection coverage 55.43% is too low.')
ERA5_land,LightGBM,2,ERROR,RuntimeError('Predictor intersection coverage 55.51% is too low.')
ERA5_land,LightGBM,3,ERROR,RuntimeError('Predictor intersection coverage 55.78% is too low.')
ERA5_land,LightGBM,4,ERROR,RuntimeError('Predictor intersection coverage 55.78% is too low.')
ERA5_land,LightGBM,5,ERROR,RuntimeError('Predictor intersection coverage 55.78% is too low.')
ERA5_land,LightGBM,6,ERROR,RuntimeError('Predictor intersection coverage 10.17% is too low.')
ERA5_land,LightGBM,7,ERROR,RuntimeError('Predictor intersection coverage 36.12% is too low.')
ERA5_land,LightGBM,8,ERROR,RuntimeError('Predictor intersection coverage 41.18% is too low.')
ERA5_land,LightGBM,9,ERROR,RuntimeError('Predictor intersection coverage 54.56% is too low.')
ERA5_land,LightGBM,10,ERROR,RuntimeError('Predictor intersection coverage 55.59% is too low.')
ERA5_land,LightGBM,11,ERROR,RuntimeError('Predictor intersection coverage 55.32% is too low.')
ERA5_land,LightGBM,12,ERROR,RuntimeError('Predictor intersection coverage 55.36% is too low.')
ERA5_land,CatBoost,1,ERROR,RuntimeError('Predictor intersection coverage 55.43% is too low.')
ERA5_land,CatBoost,2,ERROR,RuntimeError('Predictor intersection coverage 55.51% is too low.')
ERA5_land,CatBoost,3,ERROR,RuntimeError('Predictor intersection coverage 55.78% is too low.')
ERA5_land,CatBoost,4,ERROR,RuntimeError('Predictor intersection coverage 55.78% is too low.')
ERA5_land,CatBoost,5,ERROR,RuntimeError('Predictor intersection coverage 55.78% is too low.')
ERA5_land,CatBoost,6,ERROR,RuntimeError('Predictor intersection coverage 10.17% is too low.')
ERA5_land,CatBoost,7,ERROR,RuntimeError('Predictor intersection coverage 36.12% is too low.')
ERA5_land,CatBoost,8,ERROR,RuntimeError('Predictor intersection coverage 41.18% is too low.')
ERA5_land,CatBoost,9,ERROR,RuntimeError('Predictor intersection coverage 54.56% is too low.')
ERA5_land,CatBoost,10,ERROR,RuntimeError('Predictor intersection coverage 55.59% is too low.')
ERA5_land,CatBoost,11,ERROR,RuntimeError('Predictor intersection coverage 55.32% is too low.')
ERA5_land,CatBoost,12,ERROR,RuntimeError('Predictor intersection coverage 55.36% is too low.')
GSMAP_GAUGE_land,Random_Forest,1,ERROR,RuntimeError('Predictor intersection coverage 71.76% is too low.')
GSMAP_GAUGE_land,Random_Forest,2,ERROR,RuntimeError('Predictor intersection coverage 71.84% is too low.')
GSMAP_GAUGE_land,Random_Forest,3,ERROR,RuntimeError('Predictor intersection coverage 72.13% is too low.')
GSMAP_GAUGE_land,Random_Forest,4,ERROR,RuntimeError('Predictor intersection coverage 72.15% is too low.')
GSMAP_GAUGE_land,Random_Forest,5,ERROR,RuntimeError('Predictor intersection coverage 72.15% is too low.')
GSMAP_GAUGE_land,Random_Forest,6,ERROR,RuntimeError('Predictor intersection coverage 15.46% is too low.')
GSMAP_GAUGE_land,Random_Forest,7,ERROR,RuntimeError('Predictor intersection coverage 50.26% is too low.')
GSMAP_GAUGE_land,Random_Forest,8,ERROR,RuntimeError('Predictor intersection coverage 53.61% is too low.')
GSMAP_GAUGE_land,Random_Forest,9,ERROR,RuntimeError('Predictor intersection coverage 70.83% is too low.')
GSMAP_GAUGE_land,Random_Forest,10,ERROR,RuntimeError('Predictor intersection coverage 71.97% is too low.')
GSMAP_GAUGE_land,Random_Forest,11,ERROR,RuntimeError('Predictor intersection coverage 71.70% is too low.')
GSMAP_GAUGE_land,Random_Forest,12,ERROR,RuntimeError('Predictor intersection coverage 71.74% is too low.')
GSMAP_GAUGE_land,XGBoost,1,ERROR,RuntimeError('Predictor intersection coverage 71.76% is too low.')
GSMAP_GAUGE_land,XGBoost,2,ERROR,RuntimeError('Predictor intersection coverage 71.84% is too low.')
GSMAP_GAUGE_land,XGBoost,3,ERROR,RuntimeError('Predictor intersection coverage 72.13% is too low.')
GSMAP_GAUGE_land,XGBoost,4,ERROR,RuntimeError('Predictor intersection coverage 72.15% is too low.')
GSMAP_GAUGE_land,XGBoost,5,ERROR,RuntimeError('Predictor intersection coverage 72.15% is too low.')
GSMAP_GAUGE_land,XGBoost,6,ERROR,RuntimeError('Predictor intersection coverage 15.46% is too low.')
GSMAP_GAUGE_land,XGBoost,7,ERROR,RuntimeError('Predictor intersection coverage 50.26% is too low.')
GSMAP_GAUGE_land,XGBoost,8,ERROR,RuntimeError('Predictor intersection coverage 53.61% is too low.')
GSMAP_GAUGE_land,XGBoost,9,ERROR,RuntimeError('Predictor intersection coverage 70.83% is too low.')
GSMAP_GAUGE_land,XGBoost,10,ERROR,RuntimeError('Predictor intersection coverage 71.97% is too low.')
GSMAP_GAUGE_land,XGBoost,11,ERROR,RuntimeError('Predictor intersection coverage 71.70% is too low.')
GSMAP_GAUGE_land,XGBoost,12,ERROR,RuntimeError('Predictor intersection coverage 71.74% is too low.')
GSMAP_GAUGE_land,LightGBM,1,ERROR,RuntimeError('Predictor intersection coverage 71.76% is too low.')
GSMAP_GAUGE_land,LightGBM,2,ERROR,RuntimeError('Predictor intersection coverage 71.84% is too low.')
GSMAP_GAUGE_land,LightGBM,3,ERROR,RuntimeError('Predictor intersection coverage 72.13% is too low.')
GSMAP_GAUGE_land,LightGBM,4,ERROR,RuntimeError('Predictor intersection coverage 72.15% is too low.')
GSMAP_GAUGE_land,LightGBM,5,ERROR,RuntimeError('Predictor intersection coverage 72.15% is too low.')
GSMAP_GAUGE_land,LightGBM,6,ERROR,RuntimeError('Predictor intersection coverage 15.46% is too low.')
GSMAP_GAUGE_land,LightGBM,7,ERROR,RuntimeError('Predictor intersection coverage 50.26% is too low.')
GSMAP_GAUGE_land,LightGBM,8,ERROR,RuntimeError('Predictor intersection coverage 53.61% is too low.')
GSMAP_GAUGE_land,LightGBM,9,ERROR,RuntimeError('Predictor intersection coverage 70.83% is too low.')
GSMAP_GAUGE_land,LightGBM,10,ERROR,RuntimeError('Predictor intersection coverage 71.97% is too low.')
GSMAP_GAUGE_land,LightGBM,11,ERROR,RuntimeError('Predictor intersection coverage 71.70% is too low.')
GSMAP_GAUGE_land,LightGBM,12,ERROR,RuntimeError('Predictor intersection coverage 71.74% is too low.')
GSMAP_GAUGE_land,CatBoost,1,ERROR,RuntimeError('Predictor intersection coverage 71.76% is too low.')
GSMAP_GAUGE_land,CatBoost,2,ERROR,RuntimeError('Predictor intersection coverage 71.84% is too low.')
GSMAP_GAUGE_land,CatBoost,3,ERROR,RuntimeError('Predictor intersection coverage 72.13% is too low.')
GSMAP_GAUGE_land,CatBoost,4,ERROR,RuntimeError('Predictor intersection coverage 72.15% is too low.')
GSMAP_GAUGE_land,CatBoost,5,ERROR,RuntimeError('Predictor intersection coverage 72.15% is too low.')
GSMAP_GAUGE_land,CatBoost,6,ERROR,RuntimeError('Predictor intersection coverage 15.46% is too low.')
GSMAP_GAUGE_land,CatBoost,7,ERROR,RuntimeError('Predictor intersection coverage 50.26% is too low.')
GSMAP_GAUGE_land,CatBoost,8,ERROR,RuntimeError('Predictor intersection coverage 53.61% is too low.')
GSMAP_GAUGE_land,CatBoost,9,ERROR,RuntimeError('Predictor intersection coverage 70.83% is too low.')
GSMAP_GAUGE_land,CatBoost,10,ERROR,RuntimeError('Predictor intersection coverage 71.97% is too low.')
GSMAP_GAUGE_land,CatBoost,11,ERROR,RuntimeError('Predictor intersection coverage 71.70% is too low.')
GSMAP_GAUGE_land,CatBoost,12,ERROR,RuntimeError('Predictor intersection coverage 71.74% is too low.')
GSMAP_MVK_land,Random_Forest,1,ERROR,RuntimeError('Predictor intersection coverage 71.76% is too low.')
GSMAP_MVK_land,Random_Forest,2,ERROR,RuntimeError('Predictor intersection coverage 71.84% is too low.')
GSMAP_MVK_land,Random_Forest,3,ERROR,RuntimeError('Predictor intersection coverage 72.13% is too low.')
GSMAP_MVK_land,Random_Forest,4,ERROR,RuntimeError('Predictor intersection coverage 72.15% is too low.')
GSMAP_MVK_land,Random_Forest,5,ERROR,RuntimeError('Predictor intersection coverage 72.15% is too low.')
GSMAP_MVK_land,Random_Forest,6,ERROR,RuntimeError('Predictor intersection coverage 15.46% is too low.')
GSMAP_MVK_land,Random_Forest,7,ERROR,RuntimeError('Predictor intersection coverage 50.26% is too low.')
GSMAP_MVK_land,Random_Forest,8,ERROR,RuntimeError('Predictor intersection coverage 1.84% is too low.')
GSMAP_MVK_land,Random_Forest,9,ERROR,RuntimeError('Predictor intersection coverage 70.83% is too low.')
GSMAP_MVK_land,Random_Forest,10,ERROR,RuntimeError('Predictor intersection coverage 71.97% is too low.')
GSMAP_MVK_land,Random_Forest,11,ERROR,RuntimeError('Predictor intersection coverage 71.70% is too low.')
GSMAP_MVK_land,Random_Forest,12,ERROR,RuntimeError('Predictor intersection coverage 71.74% is too low.')
GSMAP_MVK_land,XGBoost,1,ERROR,RuntimeError('Predictor intersection coverage 71.76% is too low.')
GSMAP_MVK_land,XGBoost,2,ERROR,RuntimeError('Predictor intersection coverage 71.84% is too low.')
GSMAP_MVK_land,XGBoost,3,ERROR,RuntimeError('Predictor intersection coverage 72.13% is too low.')
GSMAP_MVK_land,XGBoost,4,ERROR,RuntimeError('Predictor intersection coverage 72.15% is too low.')
GSMAP_MVK_land,XGBoost,5,ERROR,RuntimeError('Predictor intersection coverage 72.15% is too low.')
GSMAP_MVK_land,XGBoost,6,ERROR,RuntimeError('Predictor intersection coverage 15.46% is too low.')
GSMAP_MVK_land,XGBoost,7,ERROR,RuntimeError('Predictor intersection coverage 50.26% is too low.')
GSMAP_MVK_land,XGBoost,8,ERROR,RuntimeError('Predictor intersection coverage 1.84% is too low.')
GSMAP_MVK_land,XGBoost,9,ERROR,RuntimeError('Predictor intersection coverage 70.83% is too low.')
GSMAP_MVK_land,XGBoost,10,ERROR,RuntimeError('Predictor intersection coverage 71.97% is too low.')
GSMAP_MVK_land,XGBoost,11,ERROR,RuntimeError('Predictor intersection coverage 71.70% is too low.')
GSMAP_MVK_land,XGBoost,12,ERROR,RuntimeError('Predictor intersection coverage 71.74% is too low.')
GSMAP_MVK_land,LightGBM,1,ERROR,RuntimeError('Predictor intersection coverage 71.76% is too low.')
GSMAP_MVK_land,LightGBM,2,ERROR,RuntimeError('Predictor intersection coverage 71.84% is too low.')
GSMAP_MVK_land,LightGBM,3,ERROR,RuntimeError('Predictor intersection coverage 72.13% is too low.')
GSMAP_MVK_land,LightGBM,4,ERROR,RuntimeError('Predictor intersection coverage 72.15% is too low.')
GSMAP_MVK_land,LightGBM,5,ERROR,RuntimeError('Predictor intersection coverage 72.15% is too low.')
GSMAP_MVK_land,LightGBM,6,ERROR,RuntimeError('Predictor intersection coverage 15.46% is too low.')
GSMAP_MVK_land,LightGBM,7,ERROR,RuntimeError('Predictor intersection coverage 50.26% is too low.')
GSMAP_MVK_land,LightGBM,8,ERROR,RuntimeError('Predictor intersection coverage 1.84% is too low.')
GSMAP_MVK_land,LightGBM,9,ERROR,RuntimeError('Predictor intersection coverage 70.83% is too low.')
GSMAP_MVK_land,LightGBM,10,ERROR,RuntimeError('Predictor intersection coverage 71.97% is too low.')
GSMAP_MVK_land,LightGBM,11,ERROR,RuntimeError('Predictor intersection coverage 71.70% is too low.')
GSMAP_MVK_land,LightGBM,12,ERROR,RuntimeError('Predictor intersection coverage 71.74% is too low.')
GSMAP_MVK_land,CatBoost,1,ERROR,RuntimeError('Predictor intersection coverage 71.76% is too low.')
GSMAP_MVK_land,CatBoost,2,ERROR,RuntimeError('Predictor intersection coverage 71.84% is too low.')
GSMAP_MVK_land,CatBoost,3,ERROR,RuntimeError('Predictor intersection coverage 72.13% is too low.')
GSMAP_MVK_land,CatBoost,4,ERROR,RuntimeError('Predictor intersection coverage 72.15% is too low.')
GSMAP_MVK_land,CatBoost,5,ERROR,RuntimeError('Predictor intersection coverage 72.15% is too low.')
GSMAP_MVK_land,CatBoost,6,ERROR,RuntimeError('Predictor intersection coverage 15.46% is too low.')
GSMAP_MVK_land,CatBoost,7,ERROR,RuntimeError('Predictor intersection coverage 50.26% is too low.')
GSMAP_MVK_land,CatBoost,8,ERROR,RuntimeError('Predictor intersection coverage 1.84% is too low.')
GSMAP_MVK_land,CatBoost,9,ERROR,RuntimeError('Predictor intersection coverage 70.83% is too low.')
GSMAP_MVK_land,CatBoost,10,ERROR,RuntimeError('Predictor intersection coverage 71.97% is too low.')
GSMAP_MVK_land,CatBoost,11,ERROR,RuntimeError('Predictor intersection coverage 71.70% is too low.')
GSMAP_MVK_land,CatBoost,12,ERROR,RuntimeError('Predictor intersection coverage 71.74% is too low.')
IMERG_land,Random_Forest,1,ERROR,RuntimeError('Predictor intersection coverage 71.76% is too low.')
IMERG_land,Random_Forest,2,ERROR,RuntimeError('Predictor intersection coverage 71.84% is too low.')
IMERG_land,Random_Forest,3,ERROR,RuntimeError('Predictor intersection coverage 72.13% is too low.')
IMERG_land,Random_Forest,4,ERROR,RuntimeError('Predictor intersection coverage 72.15% is too low.')
IMERG_land,Random_Forest,5,ERROR,RuntimeError('Predictor intersection coverage 72.15% is too low.')
IMERG_land,Random_Forest,6,ERROR,RuntimeError('Predictor intersection coverage 15.46% is too low.')
IMERG_land,Random_Forest,7,ERROR,RuntimeError('Predictor intersection coverage 50.26% is too low.')
IMERG_land,Random_Forest,8,ERROR,RuntimeError('Predictor intersection coverage 53.61% is too low.')
IMERG_land,Random_Forest,9,ERROR,RuntimeError('Predictor intersection coverage 70.83% is too low.')
IMERG_land,Random_Forest,10,ERROR,RuntimeError('Predictor intersection coverage 71.97% is too low.')
IMERG_land,Random_Forest,11,ERROR,RuntimeError('Predictor intersection coverage 71.70% is too low.')
IMERG_land,Random_Forest,12,ERROR,RuntimeError('Predictor intersection coverage 71.74% is too low.')
IMERG_land,XGBoost,1,ERROR,RuntimeError('Predictor intersection coverage 71.76% is too low.')
IMERG_land,XGBoost,2,ERROR,RuntimeError('Predictor intersection coverage 71.84% is too low.')
IMERG_land,XGBoost,3,ERROR,RuntimeError('Predictor intersection coverage 72.13% is too low.')
IMERG_land,XGBoost,4,ERROR,RuntimeError('Predictor intersection coverage 72.15% is too low.')
IMERG_land,XGBoost,5,ERROR,RuntimeError('Predictor intersection coverage 72.15% is too low.')
IMERG_land,XGBoost,6,ERROR,RuntimeError('Predictor intersection coverage 15.46% is too low.')
IMERG_land,XGBoost,7,ERROR,RuntimeError('Predictor intersection coverage 50.26% is too low.')
IMERG_land,XGBoost,8,ERROR,RuntimeError('Predictor intersection coverage 53.61% is too low.')
IMERG_land,XGBoost,9,ERROR,RuntimeError('Predictor intersection coverage 70.83% is too low.')
IMERG_land,XGBoost,10,ERROR,RuntimeError('Predictor intersection coverage 71.97% is too low.')
IMERG_land,XGBoost,11,ERROR,RuntimeError('Predictor intersection coverage 71.70% is too low.')
IMERG_land,XGBoost,12,ERROR,RuntimeError('Predictor intersection coverage 71.74% is too low.')
IMERG_land,LightGBM,1,ERROR,RuntimeError('Predictor intersection coverage 71.76% is too low.')
IMERG_land,LightGBM,2,ERROR,RuntimeError('Predictor intersection coverage 71.84% is too low.')
IMERG_land,LightGBM,3,ERROR,RuntimeError('Predictor intersection coverage 72.13% is too low.')
IMERG_land,LightGBM,4,ERROR,RuntimeError('Predictor intersection coverage 72.15% is too low.')
IMERG_land,LightGBM,5,ERROR,RuntimeError('Predictor intersection coverage 72.15% is too low.')
IMERG_land,LightGBM,6,ERROR,RuntimeError('Predictor intersection coverage 15.46% is too low.')
IMERG_land,LightGBM,7,ERROR,RuntimeError('Predictor intersection coverage 50.26% is too low.')
IMERG_land,LightGBM,8,ERROR,RuntimeError('Predictor intersection coverage 53.61% is too low.')
IMERG_land,LightGBM,9,ERROR,RuntimeError('Predictor intersection coverage 70.83% is too low.')
IMERG_land,LightGBM,10,ERROR,RuntimeError('Predictor intersection coverage 71.97% is too low.')
IMERG_land,LightGBM,11,ERROR,RuntimeError('Predictor intersection coverage 71.70% is too low.')
IMERG_land,LightGBM,12,ERROR,RuntimeError('Predictor intersection coverage 71.74% is too low.')
IMERG_land,CatBoost,1,ERROR,RuntimeError('Predictor intersection coverage 71.76% is too low.')
IMERG_land,CatBoost,2,ERROR,RuntimeError('Predictor intersection coverage 71.84% is too low.')
IMERG_land,CatBoost,3,ERROR,RuntimeError('Predictor intersection coverage 72.13% is too low.')
IMERG_land,CatBoost,4,ERROR,RuntimeError('Predictor intersection coverage 72.15% is too low.')
IMERG_land,CatBoost,5,ERROR,RuntimeError('Predictor intersection coverage 72.15% is too low.')
IMERG_land,CatBoost,6,ERROR,RuntimeError('Predictor intersection coverage 15.46% is too low.')
IMERG_land,CatBoost,7,ERROR,RuntimeError('Predictor intersection coverage 50.26% is too low.')
IMERG_land,CatBoost,8,ERROR,RuntimeError('Predictor intersection coverage 53.61% is too low.')
IMERG_land,CatBoost,9,ERROR,RuntimeError('Predictor intersection coverage 70.83% is too low.')
IMERG_land,CatBoost,10,ERROR,RuntimeError('Predictor intersection coverage 71.97% is too low.')
IMERG_land,CatBoost,11,ERROR,RuntimeError('Predictor intersection coverage 71.70% is too low.')
IMERG_land,CatBoost,12,ERROR,RuntimeError('Predictor intersection coverage 71.74% is too low.')
PDIR_land,Random_Forest,1,ERROR,RuntimeError('Predictor intersection coverage 75.23% is too low.')
PDIR_land,Random_Forest,2,ERROR,RuntimeError('Predictor intersection coverage 75.32% is too low.')
PDIR_land,Random_Forest,3,ERROR,RuntimeError('Predictor intersection coverage 75.60% is too low.')
PDIR_land,Random_Forest,4,ERROR,RuntimeError('Predictor intersection coverage 75.63% is too low.')
PDIR_land,Random_Forest,5,ERROR,RuntimeError('Predictor intersection coverage 75.63% is too low.')
PDIR_land,Random_Forest,6,ERROR,RuntimeError('Predictor intersection coverage 15.57% is too low.')
PDIR_land,Random_Forest,7,ERROR,RuntimeError('Predictor intersection coverage 52.62% is too low.')
PDIR_land,Random_Forest,8,ERROR,RuntimeError('Predictor intersection coverage 55.99% is too low.')
PDIR_land,Random_Forest,9,ERROR,RuntimeError('Predictor intersection coverage 74.18% is too low.')
PDIR_land,Random_Forest,10,ERROR,RuntimeError('Predictor intersection coverage 75.40% is too low.')
PDIR_land,Random_Forest,11,ERROR,RuntimeError('Predictor intersection coverage 75.17% is too low.')
PDIR_land,Random_Forest,12,ERROR,RuntimeError('Predictor intersection coverage 75.21% is too low.')
PDIR_land,XGBoost,1,ERROR,RuntimeError('Predictor intersection coverage 75.23% is too low.')
PDIR_land,XGBoost,2,ERROR,RuntimeError('Predictor intersection coverage 75.32% is too low.')
PDIR_land,XGBoost,3,ERROR,RuntimeError('Predictor intersection coverage 75.60% is too low.')
PDIR_land,XGBoost,4,ERROR,RuntimeError('Predictor intersection coverage 75.63% is too low.')
PDIR_land,XGBoost,5,ERROR,RuntimeError('Predictor intersection coverage 75.63% is too low.')
PDIR_land,XGBoost,6,ERROR,RuntimeError('Predictor intersection coverage 15.57% is too low.')
PDIR_land,XGBoost,7,ERROR,RuntimeError('Predictor intersection coverage 52.62% is too low.')
PDIR_land,XGBoost,8,ERROR,RuntimeError('Predictor intersection coverage 55.99% is too low.')
PDIR_land,XGBoost,9,ERROR,RuntimeError('Predictor intersection coverage 74.18% is too low.')
PDIR_land,XGBoost,10,ERROR,RuntimeError('Predictor intersection coverage 75.40% is too low.')
PDIR_land,XGBoost,11,ERROR,RuntimeError('Predictor intersection coverage 75.17% is too low.')
PDIR_land,XGBoost,12,ERROR,RuntimeError('Predictor intersection coverage 75.21% is too low.')
PDIR_land,LightGBM,1,ERROR,RuntimeError('Predictor intersection coverage 75.23% is too low.')
PDIR_land,LightGBM,2,ERROR,RuntimeError('Predictor intersection coverage 75.32% is too low.')
PDIR_land,LightGBM,3,ERROR,RuntimeError('Predictor intersection coverage 75.60% is too low.')
PDIR_land,LightGBM,4,ERROR,RuntimeError('Predictor intersection coverage 75.63% is too low.')
PDIR_land,LightGBM,5,ERROR,RuntimeError('Predictor intersection coverage 75.63% is too low.')
PDIR_land,LightGBM,6,ERROR,RuntimeError('Predictor intersection coverage 15.57% is too low.')
PDIR_land,LightGBM,7,ERROR,RuntimeError('Predictor intersection coverage 52.62% is too low.')
PDIR_land,LightGBM,8,ERROR,RuntimeError('Predictor intersection coverage 55.99% is too low.')
PDIR_land,LightGBM,9,ERROR,RuntimeError('Predictor intersection coverage 74.18% is too low.')
PDIR_land,LightGBM,10,ERROR,RuntimeError('Predictor intersection coverage 75.40% is too low.')
PDIR_land,LightGBM,11,ERROR,RuntimeError('Predictor intersection coverage 75.17% is too low.')
PDIR_land,LightGBM,12,ERROR,RuntimeError('Predictor intersection coverage 75.21% is too low.')
PDIR_land,CatBoost,1,ERROR,RuntimeError('Predictor intersection coverage 75.23% is too low.')
PDIR_land,CatBoost,2,ERROR,RuntimeError('Predictor intersection coverage 75.32% is too low.')
PDIR_land,CatBoost,3,ERROR,RuntimeError('Predictor intersection coverage 75.60% is too low.')
PDIR_land,CatBoost,4,ERROR,RuntimeError('Predictor intersection coverage 75.63% is too low.')
PDIR_land,CatBoost,5,ERROR,RuntimeError('Predictor intersection coverage 75.63% is too low.')
PDIR_land,CatBoost,6,ERROR,RuntimeError('Predictor intersection coverage 15.57% is too low.')
PDIR_land,CatBoost,7,ERROR,RuntimeError('Predictor intersection coverage 52.62% is too low.')
PDIR_land,CatBoost,8,ERROR,RuntimeError('Predictor intersection coverage 55.99% is too low.')
PDIR_land,CatBoost,9,ERROR,RuntimeError('Predictor intersection coverage 74.18% is too low.')
PDIR_land,CatBoost,10,ERROR,RuntimeError('Predictor intersection coverage 75.40% is too low.')
PDIR_land,CatBoost,11,ERROR,RuntimeError('Predictor intersection coverage 75.17% is too low.')
PDIR_land,CatBoost,12,ERROR,RuntimeError('Predictor intersection coverage 75.21% is too low.')
PERSIANN_land,Random_Forest,1,ERROR,RuntimeError('Predictor intersection coverage 62.25% is too low.')
PERSIANN_land,Random_Forest,2,ERROR,RuntimeError('Predictor intersection coverage 62.27% is too low.')
PERSIANN_land,Random_Forest,3,ERROR,RuntimeError('Predictor intersection coverage 62.31% is too low.')
PERSIANN_land,Random_Forest,4,ERROR,RuntimeError('Predictor intersection coverage 62.31% is too low.')
PERSIANN_land,Random_Forest,5,ERROR,RuntimeError('Predictor intersection coverage 62.31% is too low.')
PERSIANN_land,Random_Forest,6,ERROR,RuntimeError('Predictor intersection coverage 12.88% is too low.')
PERSIANN_land,Random_Forest,7,ERROR,RuntimeError('Predictor intersection coverage 42.86% is too low.')
PERSIANN_land,Random_Forest,8,ERROR,RuntimeError('Predictor intersection coverage 45.57% is too low.')
PERSIANN_land,Random_Forest,9,ERROR,RuntimeError('Predictor intersection coverage 61.05% is too low.')
PERSIANN_land,Random_Forest,10,ERROR,RuntimeError('Predictor intersection coverage 62.25% is too low.')
PERSIANN_land,Random_Forest,11,ERROR,RuntimeError('Predictor intersection coverage 62.17% is too low.')
PERSIANN_land,Random_Forest,12,ERROR,RuntimeError('Predictor intersection coverage 62.23% is too low.')
PERSIANN_land,XGBoost,1,ERROR,RuntimeError('Predictor intersection coverage 62.25% is too low.')
PERSIANN_land,XGBoost,2,ERROR,RuntimeError('Predictor intersection coverage 62.27% is too low.')
PERSIANN_land,XGBoost,3,ERROR,RuntimeError('Predictor intersection coverage 62.31% is too low.')
PERSIANN_land,XGBoost,4,ERROR,RuntimeError('Predictor intersection coverage 62.31% is too low.')
PERSIANN_land,XGBoost,5,ERROR,RuntimeError('Predictor intersection coverage 62.31% is too low.')
PERSIANN_land,XGBoost,6,ERROR,RuntimeError('Predictor intersection coverage 12.88% is too low.')
PERSIANN_land,XGBoost,7,ERROR,RuntimeError('Predictor intersection coverage 42.86% is too low.')
PERSIANN_land,XGBoost,8,ERROR,RuntimeError('Predictor intersection coverage 45.57% is too low.')
PERSIANN_land,XGBoost,9,ERROR,RuntimeError('Predictor intersection coverage 61.05% is too low.')
PERSIANN_land,XGBoost,10,ERROR,RuntimeError('Predictor intersection coverage 62.25% is too low.')
PERSIANN_land,XGBoost,11,ERROR,RuntimeError('Predictor intersection coverage 62.17% is too low.')
PERSIANN_land,XGBoost,12,ERROR,RuntimeError('Predictor intersection coverage 62.23% is too low.')
PERSIANN_land,LightGBM,1,ERROR,RuntimeError('Predictor intersection coverage 62.25% is too low.')
PERSIANN_land,LightGBM,2,ERROR,RuntimeError('Predictor intersection coverage 62.27% is too low.')
PERSIANN_land,LightGBM,3,ERROR,RuntimeError('Predictor intersection coverage 62.31% is too low.')
PERSIANN_land,LightGBM,4,ERROR,RuntimeError('Predictor intersection coverage 62.31% is too low.')
PERSIANN_land,LightGBM,5,ERROR,RuntimeError('Predictor intersection coverage 62.31% is too low.')
PERSIANN_land,LightGBM,6,ERROR,RuntimeError('Predictor intersection coverage 12.88% is too low.')
PERSIANN_land,LightGBM,7,ERROR,RuntimeError('Predictor intersection coverage 42.86% is too low.')
PERSIANN_land,LightGBM,8,ERROR,RuntimeError('Predictor intersection coverage 45.57% is too low.')
PERSIANN_land,LightGBM,9,ERROR,RuntimeError('Predictor intersection coverage 61.05% is too low.')
PERSIANN_land,LightGBM,10,ERROR,RuntimeError('Predictor intersection coverage 62.25% is too low.')
PERSIANN_land,LightGBM,11,ERROR,RuntimeError('Predictor intersection coverage 62.17% is too low.')
PERSIANN_land,LightGBM,12,ERROR,RuntimeError('Predictor intersection coverage 62.23% is too low.')
PERSIANN_land,CatBoost,1,ERROR,RuntimeError('Predictor intersection coverage 62.25% is too low.')
PERSIANN_land,CatBoost,2,ERROR,RuntimeError('Predictor intersection coverage 62.27% is too low.')
PERSIANN_land,CatBoost,3,ERROR,RuntimeError('Predictor intersection coverage 62.31% is too low.')
PERSIANN_land,CatBoost,4,ERROR,RuntimeError('Predictor intersection coverage 62.31% is too low.')
PERSIANN_land,CatBoost,5,ERROR,RuntimeError('Predictor intersection coverage 62.31% is too low.')
PERSIANN_land,CatBoost,6,ERROR,RuntimeError('Predictor intersection coverage 12.88% is too low.')
PERSIANN_land,CatBoost,7,ERROR,RuntimeError('Predictor intersection coverage 42.86% is too low.')
PERSIANN_land,CatBoost,8,ERROR,RuntimeError('Predictor intersection coverage 45.57% is too low.')
PERSIANN_land,CatBoost,9,ERROR,RuntimeError('Predictor intersection coverage 61.05% is too low.')
PERSIANN_land,CatBoost,10,ERROR,RuntimeError('Predictor intersection coverage 62.25% is too low.')
PERSIANN_land,CatBoost,11,ERROR,RuntimeError('Predictor intersection coverage 62.17% is too low.')
PERSIANN_land,CatBoost,12,ERROR,RuntimeError('Predictor intersection coverage 62.23% is too low.')
